{"0": {"id": 0, "volume": 1.0, "storage_cost": [0.00133, 0.00107, 0.00067, 0.00027], "missed_sale_cost": [0.1, 0.08, 0.05, 0.02], "unit_price": [1.0, 0.75, 0.5, 0.25], "unit_cost": [0.75, 0.56, 0.38, 0.19], "batch": [0, 0, 0, 0], "name": "UZCGEIMYYGTD"}}