{"0": {"id": 0, "volume": 1.0, "storage_cost": [0.00923, 0.00692, 0.00461, 0.00231], "missed_sale_cost": [5.72, 4.29, 2.86, 1.43], "unit_price": [22.89, 17.16, 11.44, 5.72], "unit_cost": [17.17, 12.87, 8.58, 4.29], "batch": [0, 0, 0, 0], "name": "ELFGFVZOIMFC"}, "1": {"id": 1, "volume": 1.1, "storage_cost": [0.3487, 0.2613, 0.17435, 0.08696], "missed_sale_cost": [8.02, 6.01, 4.01, 2.0], "unit_price": [32.07, 24.05, 16.04, 8.02], "unit_cost": [24.05, 18.04, 12.03, 6.02], "batch": [0, 0, 0, 0], "name": "OSRQMIVQBOOB"}}