{"0": {"id": 0, "volume": 1.0, "storage_cost": [1.51875, 1.14, 0.76, 0.38], "missed_sale_cost": [12.15, 9.12, 6.08, 3.04], "unit_price": [48.61, 36.46, 24.3, 12.15], "unit_cost": [36.46, 27.34, 18.22, 9.11], "batch": [0, 0, 0, 0], "name": "ELWNBQRZJUEV"}, "1": {"id": 1, "volume": 1.1, "storage_cost": [0.03911, 0.02935, 0.01957, 0.00978], "missed_sale_cost": [21.63, 16.23, 10.82, 5.41], "unit_price": [86.53, 64.9, 43.27, 21.63], "unit_cost": [64.9, 48.67, 32.45, 16.22], "batch": [0, 0, 0, 0], "name": "UGAIQLSQCMVY"}, "2": {"id": 2, "volume": 1.2, "storage_cost": [0.00539, 0.00404, 0.00269, 0.00135], "missed_sale_cost": [3.95, 2.96, 1.97, 0.99], "unit_price": [15.79, 11.84, 7.89, 3.95], "unit_cost": [11.84, 8.88, 5.92, 2.96], "batch": [0, 0, 0, 0], "name": "NCOVCIUGHIVH"}, "3": {"id": 3, "volume": 1.3, "storage_cost": [0.02659, 0.01995, 0.0133, 0.00665], "missed_sale_cost": [4.92, 3.69, 2.46, 1.23], "unit_price": [19.66, 14.75, 9.83, 4.92], "unit_cost": [14.74, 11.06, 7.37, 3.69], "batch": [0, 0, 0, 0], "name": "SFIJSFKIXMQL"}, "4": {"id": 4, "volume": 1.4, "storage_cost": [0.20679, 0.15514, 0.10339, 0.05174], "missed_sale_cost": [22.54, 16.91, 11.27, 5.64], "unit_price": [90.18, 67.64, 45.09, 22.55], "unit_cost": [67.64, 50.73, 33.82, 16.91], "batch": [0, 0, 0, 0], "name": "FIZBWVQMQBSJ"}, "5": {"id": 5, "volume": 1.5, "storage_cost": [0.8375, 0.63, 0.42, 0.21], "missed_sale_cost": [3.35, 2.52, 1.68, 0.84], "unit_price": [13.41, 10.06, 6.7, 3.35], "unit_cost": [10.06, 7.54, 5.02, 2.51], "batch": [0, 0, 0, 0], "name": "TAAYBENPXOOG"}, "6": {"id": 6, "volume": 1.6, "storage_cost": [7.86, 5.89333, 3.93, 1.96667], "missed_sale_cost": [23.58, 17.68, 11.79, 5.9], "unit_price": [94.32, 70.74, 47.16, 23.58], "unit_cost": [70.74, 53.06, 35.37, 17.68], "batch": [0, 0, 0, 0], "name": "TOSJFMKKUJYR"}, "7": {"id": 7, "volume": 1.7, "storage_cost": [11.37, 8.53, 5.685, 2.84], "missed_sale_cost": [22.74, 17.06, 11.37, 5.68], "unit_price": [90.97, 68.23, 45.48, 22.74], "unit_cost": [68.23, 51.17, 34.11, 17.06], "batch": [0, 0, 0, 0], "name": "RBNKKEJJFKCY"}, "8": {"id": 8, "volume": 1.8, "storage_cost": [0.01065, 0.00799, 0.00532, 0.00266], "missed_sale_cost": [9.01, 6.76, 4.5, 2.25], "unit_price": [36.04, 27.03, 18.02, 9.01], "unit_cost": [27.03, 20.27, 13.52, 6.76], "batch": [0, 0, 0, 0], "name": "HKGZOAQSGOQO"}, "9": {"id": 9, "volume": 1.9, "storage_cost": [0.00929, 0.00696, 0.00465, 0.00233], "missed_sale_cost": [6.94, 5.2, 3.47, 1.74], "unit_price": [27.74, 20.81, 13.87, 6.94], "unit_cost": [20.8, 15.61, 10.4, 5.2], "batch": [0, 0, 0, 0], "name": "AIJRDYIBJDOP"}}